event_id,timestamp,event_type,source_ip
1,,LOGIN,192.168.1.1
2,2025-01-01,LOGIN,192.168.1.1
3,2025-01-01,LOGIN,192.168.1.1
4,2025-01-01,LOGIN,192.168.1.1
5,2025-01-01,LOGIN,192.168.1.1
6,2025-01-01,LOGIN,192.168.1.1
7,2025-01-01,LOGIN,192.168.1.1
8,2025-01-01,LOGIN,192.168.1.1
9,2025-01-01,LOGIN,192.168.1.1
10,2025-01-01,LOGIN,192.168.1.1
11,2025-01-01,LOGIN,192.168.1.1
12,2025-01-01,LOGIN,192.168.1.1
13,,LOGIN,192.168.1.1
14,2025-01-01,LOGIN,192.168.1.1
15,2025-01-01,LOGIN,192.168.1.1
16,2025-01-01,LOGIN,192.168.1.1
17,2025-01-01,LOGIN,192.168.1.1
18,2025-01-01,LOGIN,192.168.1.1
19,2025-01-01,LOGIN,192.168.1.1
20,2025-01-01,LOGIN,192.168.1.1
21,2025-01-01,LOGIN,192.168.1.1
22,2025-01-01,LOGIN,192.168.1.1
23,2025-01-01,LOGIN,192.168.1.1
24,2025-01-01,LOGIN,192.168.1.1
25,,LOGIN,192.168.1.1
26,2025-01-01,LOGIN,192.168.1.1
27,2025-01-01,LOGIN,192.168.1.1
28,2025-01-01,LOGIN,192.168.1.1
29,2025-01-01,LOGIN,192.168.1.1
30,2025-01-01,LOGIN,192.168.1.1
31,2025-01-01,LOGIN,192.168.1.1
32,2025-01-01,LOGIN,192.168.1.1
33,2025-01-01,LOGIN,192.168.1.1
34,2025-01-01,LOGIN,192.168.1.1
35,2025-01-01,LOGIN,192.168.1.1
36,2025-01-01,LOGIN,192.168.1.1
37,,LOGIN,192.168.1.1
38,2025-01-01,LOGIN,192.168.1.1
39,2025-01-01,LOGIN,192.168.1.1
40,2025-01-01,LOGIN,192.168.1.1
41,2025-01-01,LOGIN,192.168.1.1
42,2025-01-01,LOGIN,192.168.1.1
43,2025-01-01,LOGIN,192.168.1.1
44,2025-01-01,LOGIN,192.168.1.1
45,2025-01-01,LOGIN,192.168.1.1
46,2025-01-01,LOGIN,192.168.1.1
47,2025-01-01,LOGIN,192.168.1.1
48,2025-01-01,LOGIN,192.168.1.1
49,,LOGIN,192.168.1.1
50,2025-01-01,LOGIN,192.168.1.1
51,2025-01-01,LOGIN,192.168.1.1
52,2025-01-01,LOGIN,192.168.1.1
53,2025-01-01,LOGIN,192.168.1.1
54,2025-01-01,LOGIN,192.168.1.1
55,2025-01-01,LOGIN,192.168.1.1
56,2025-01-01,LOGIN,192.168.1.1
57,2025-01-01,LOGIN,192.168.1.1
58,2025-01-01,LOGIN,192.168.1.1
59,2025-01-01,LOGIN,192.168.1.1
60,2025-01-01,LOGIN,192.168.1.1
61,,LOGIN,192.168.1.1
62,2025-01-01,LOGIN,192.168.1.1
63,2025-01-01,LOGIN,192.168.1.1
64,2025-01-01,LOGIN,192.168.1.1
65,2025-01-01,LOGIN,192.168.1.1
66,2025-01-01,LOGIN,192.168.1.1
67,2025-01-01,LOGIN,192.168.1.1
68,2025-01-01,LOGIN,192.168.1.1
69,2025-01-01,LOGIN,192.168.1.1
70,2025-01-01,LOGIN,192.168.1.1
71,2025-01-01,LOGIN,192.168.1.1
72,2025-01-01,LOGIN,192.168.1.1
73,,LOGIN,192.168.1.1
74,2025-01-01,LOGIN,192.168.1.1
75,2025-01-01,LOGIN,192.168.1.1
76,2025-01-01,LOGIN,192.168.1.1
77,2025-01-01,LOGIN,192.168.1.1
78,2025-01-01,LOGIN,192.168.1.1
79,2025-01-01,LOGIN,192.168.1.1
80,2025-01-01,LOGIN,192.168.1.1
81,2025-01-01,LOGIN,192.168.1.1
82,2025-01-01,LOGIN,192.168.1.1
83,2025-01-01,LOGIN,192.168.1.1
84,2025-01-01,LOGIN,192.168.1.1
85,,LOGIN,192.168.1.1
86,2025-01-01,LOGIN,192.168.1.1
87,2025-01-01,LOGIN,192.168.1.1
88,2025-01-01,LOGIN,192.168.1.1
89,2025-01-01,LOGIN,192.168.1.1
90,2025-01-01,LOGIN,192.168.1.1
91,2025-01-01,LOGIN,192.168.1.1
92,2025-01-01,LOGIN,192.168.1.1
93,2025-01-01,LOGIN,192.168.1.1
94,2025-01-01,LOGIN,192.168.1.1
95,2025-01-01,LOGIN,192.168.1.1
96,2025-01-01,LOGIN,192.168.1.1
97,,LOGIN,192.168.1.1
98,2025-01-01,LOGIN,192.168.1.1
99,2025-01-01,LOGIN,192.168.1.1
100,2025-01-01,LOGIN,192.168.1.1
101,2025-01-01,LOGIN,192.168.1.1
102,2025-01-01,LOGIN,192.168.1.1
103,2025-01-01,LOGIN,192.168.1.1
104,2025-01-01,LOGIN,192.168.1.1
105,2025-01-01,LOGIN,192.168.1.1
106,2025-01-01,LOGIN,192.168.1.1
107,2025-01-01,LOGIN,192.168.1.1
108,2025-01-01,LOGIN,192.168.1.1
109,,LOGIN,192.168.1.1
110,2025-01-01,LOGIN,192.168.1.1
111,2025-01-01,LOGIN,192.168.1.1
112,2025-01-01,LOGIN,192.168.1.1
113,2025-01-01,LOGIN,192.168.1.1
114,2025-01-01,LOGIN,192.168.1.1
115,2025-01-01,LOGIN,192.168.1.1
116,2025-01-01,LOGIN,192.168.1.1
117,2025-01-01,LOGIN,192.168.1.1
118,2025-01-01,LOGIN,192.168.1.1
119,2025-01-01,LOGIN,192.168.1.1
120,2025-01-01,LOGIN,192.168.1.1
121,,LOGIN,192.168.1.1
122,2025-01-01,LOGIN,192.168.1.1
123,2025-01-01,LOGIN,192.168.1.1
124,2025-01-01,LOGIN,192.168.1.1
125,2025-01-01,LOGIN,192.168.1.1
126,2025-01-01,LOGIN,192.168.1.1
127,2025-01-01,LOGIN,192.168.1.1
128,2025-01-01,LOGIN,192.168.1.1
129,2025-01-01,LOGIN,192.168.1.1
130,2025-01-01,LOGIN,192.168.1.1
131,2025-01-01,LOGIN,192.168.1.1
132,2025-01-01,LOGIN,192.168.1.1
133,,LOGIN,192.168.1.1
134,2025-01-01,LOGIN,192.168.1.1
135,2025-01-01,LOGIN,192.168.1.1
136,2025-01-01,LOGIN,192.168.1.1
137,2025-01-01,LOGIN,192.168.1.1
138,2025-01-01,LOGIN,192.168.1.1
139,2025-01-01,LOGIN,192.168.1.1
140,2025-01-01,LOGIN,192.168.1.1
141,2025-01-01,LOGIN,192.168.1.1
142,2025-01-01,LOGIN,192.168.1.1
143,2025-01-01,LOGIN,192.168.1.1
144,2025-01-01,LOGIN,192.168.1.1
145,,LOGIN,192.168.1.1
146,2025-01-01,LOGIN,192.168.1.1
147,2025-01-01,LOGIN,192.168.1.1
148,2025-01-01,LOGIN,192.168.1.1
149,2025-01-01,LOGIN,192.168.1.1
150,2025-01-01,LOGIN,192.168.1.1
